ID del incidente,Tipo de incidente,Ubicación/Contexto,Verificación,Barrio,Fecha,Hora,Descripción,¿Secuestro por el estado?,Agencias involucradas,# de agentes,# de vehículos policiales sin distintivos,Matrículas asociadas,Notas,Latitud,Longitud,Mes,Categoría de fecha,Clave de estilo
INC-001,Redada,Loading...,Loading...,West University, 11/2/25,1:00 PM,Loading...,No,Loading...,3,1+,CPH4967,,32.230988,-110.971769,febrero 2025,Mayor de 6 meses,Redada_Mayor de 6 meses
INC-002,Redada,Loading...,Loading...,South Tucson, 18/3/25,,Loading...,No,Loading...,15,10+,"BNV1970, CRJ0909, CRJ0922, CTN4078, CTN4202, CWB7511, CWL6441, CWN3939, CWW1146",,32.199504,-110.976768,marzo 2025,Mayor de 6 meses,Redada_Mayor de 6 meses
INC-003,Vigilancia aérea (aeronaves),Loading...,Loading...,"Millville, Santa Rita Park, etc", 27/3/25,3:30 PM,Loading...,Unknown or Not Applicable,Loading...,Unknown,N/A,N/A,Loading...,32.209475,-110.959306,marzo 2025,Mayor de 6 meses,Vigilancia aérea (aeronaves)_Mayor de 6 meses
INC-004,Vigilancia aérea (aeronaves),Loading...,Loading...,"Diamond Bell Ranch, Three Points, etc", 31/3/25,11:33 AM,Loading...,Unknown or Not Applicable,Loading...,Unknown,N/A,N/A,,31.979363,-111.299932,marzo 2025,Mayor de 6 meses,Vigilancia aérea (aeronaves)_Mayor de 6 meses
INC-005,Vigilancia aérea (aeronaves),Loading...,Loading...,"University of Arizona, Rincon Heights, etc", 17/4/25,11:00 AM,Loading...,Unknown or Not Applicable,Loading...,Unknown,N/A,N/A,Loading...,32.231713,-110.950503,abril 2025,Mayor de 6 meses,Vigilancia aérea (aeronaves)_Mayor de 6 meses
INC-006,Vigilancia aérea (aeronaves),Loading...,Loading...,"Bravo Park Lane, Fairgrounds, etc", 23/4/25,11:24 AM,Loading...,Unknown or Not Applicable,Loading...,Unknown,N/A,N/A,,32.167638,-110.956227,abril 2025,Mayor de 6 meses,Vigilancia aérea (aeronaves)_Mayor de 6 meses
INC-007,Parada de vehículos,Loading...,Loading...,East Barrio Hollywood, 23/4/25,1:20 PM,Loading...,Abduction(s) Occurred,Loading...,6,2,CPH4874 (ICE); CWS9867 (TPD),,32.235204,-110.984443,abril 2025,Mayor de 6 meses,Parada de vehículos_Mayor de 6 meses
INC-008,Parada de vehículos,Loading...,Loading...,Keeling, 24/4/25,6:30 AM,Loading...,Attempted Abduction(s) — Unknown Outcome,Loading...,7+,6,CBC9452; CTN4351; CWL6437; CWS5989; CWW1146,,32.255818,-110.969822,abril 2025,Mayor de 6 meses,Parada de vehículos_Mayor de 6 meses
INC-009,Redada,Loading...,Loading...,Julia Keen, 29/4/25,,Loading...,Abduction(s) Occurred,Loading...,Many,9+,CBC9510; CM58097; CM60189; CWB7597; CWG4407; CWW1164; CPH4886; CWN3813; CWP3302,,32.205306,-110.922353,abril 2025,Mayor de 6 meses,Redada_Mayor de 6 meses
INC-010,Vigilancia aérea (aeronaves),Loading...,Loading...,Flowing Wells, 1/5/25,11:11 AM,Loading...,Unknown or Not Applicable,Loading...,Unknown,N/A,N/A,,32.301505,-111.012095,mayo 2025,Mayor de 6 meses,Vigilancia aérea (aeronaves)_Mayor de 6 meses
INC-011,Redada,Loading...,Loading...,Sabino Terrace, 1/5/25,7:00 PM,Loading...,Attempted Abduction(s) — Unknown Outcome,Loading...,12+,12+,BHR1013; CWW1822,,32.294337,-110.820992,mayo 2025,Mayor de 6 meses,Redada_Mayor de 6 meses
INC-012,Vigilancia aérea (aeronaves),Loading...,Loading...,"University of Arizona, West University, etc", 6/5/25,4:20 PM,Loading...,Unknown or Not Applicable,Loading...,Unknown,N/A,N/A,,32.227698,-110.959439,mayo 2025,Mayor de 6 meses,Vigilancia aérea (aeronaves)_Mayor de 6 meses
INC-013,Vigilancia aérea (aeronaves),Loading...,Loading...,"Downtown, Armory Park, etc", 20/5/25,4:20 PM,Loading...,Unknown or Not Applicable,Loading...,Unknown,N/A,N/A,,32.221767,-110.972394,mayo 2025,Mayor de 6 meses,Vigilancia aérea (aeronaves)_Mayor de 6 meses
INC-014,Redada,Loading...,Loading...,Wakefield, 28/5/25,9:45 AM,Loading...,No,Loading...,2,2,CWS9854,Loading...,32.172229,-110.968211,mayo 2025,Mayor de 6 meses,Redada_Mayor de 6 meses
INC-015,Vigilancia aérea (aeronaves),Loading...,Loading...,"Drexel Heights, etc", 28/5/25,2:44 PM,Loading...,Unknown or Not Applicable,Loading...,Unknown,N/A,N/A,,32.133725,-111.028626,mayo 2025,Mayor de 6 meses,Vigilancia aérea (aeronaves)_Mayor de 6 meses
INC-016,Reuniones/Preparación,Loading...,Loading...,Drexel Heights, 28/5/25,3:14 PM,Loading...,Unknown or Not Applicable,Loading...,6+,4+,6KA 0GF; CTN4409; YBA 4GL,,32.126258,-111.028175,mayo 2025,Mayor de 6 meses,Reuniones/Preparación_Mayor de 6 meses
INC-017,Reuniones/Preparación,Loading...,Loading...,Drexel Heights, 28/5/25,3:24 PM,Loading...,Unknown or Not Applicable,Loading...,1+,1,,,32.119795,-111.028683,mayo 2025,Mayor de 6 meses,Reuniones/Preparación_Mayor de 6 meses
INC-018,Parada de vehículos,Loading...,Loading...,Bronx Park, 1/6/25,5:53 PM,Loading...,Abduction(s) Occurred,Loading...,3+,3,0NA 8GE; 2LA0YT; 76A73E,,32.237116,-110.97786,junio 2025,Mayor de 6 meses,Parada de vehículos_Mayor de 6 meses
INC-019,Vigilancia aérea (aeronaves),Loading...,Loading...,"Rose, West Lamar, etc", 3/6/25,4:02 PM,Loading...,Unknown or Not Applicable,Loading...,Unknown,N/A,N/A,,32.172134,-110.981839,junio 2025,Mayor de 6 meses,Vigilancia aérea (aeronaves)_Mayor de 6 meses
INC-020,Redada,Loading...,Loading...,Midvale Park, 11/6/25,12:30 PM,Loading...,Abduction(s) Occurred,Loading...,Many,5+,VE-88-312 (Sonora); SYA 6DP; VE-09-700 (Sonora); CWS9640,,32.162283,-110.998369,junio 2025,Mayor de 6 meses,Redada_Mayor de 6 meses
INC-021,Redada,Loading...,Loading...,Midvale Park, 11/6/25,1:40 PM,Loading...,Abduction(s) Occurred,Loading...,Many,5+,CWN3831; SXA 9DP; SYA 3DP; CWW1045; CWW1591,,32.158727,-111.000236,junio 2025,Mayor de 6 meses,Redada_Mayor de 6 meses
INC-022,Redada,Loading...,Loading...,Midvale Park, 11/6/25,9:00 PM,Loading...,Abduction(s) Occurred,Loading...,Many,5+,7MA 0CW; SXA 9DP; CFT1138; CWW1591; SYA 3DP,,32.158044,-110.999962,junio 2025,Mayor de 6 meses,Redada_Mayor de 6 meses
INC-023,Parada de vehículos,Loading...,Loading...,Mission View, 12/6/25,12:20 PM,Loading...,Attempted Abduction(s) — Unknown Outcome,Loading...,5+,3+,X7A 2AJ; AF-703X,,32.189072,-110.973134,junio 2025,Mayor de 6 meses,Parada de vehículos_Mayor de 6 meses
INC-024,Vigilancia aérea (aeronaves),Loading...,Loading...,"South Park, South Tucson, etc", 16/6/25,11:18 AM,Loading...,Unknown or Not Applicable,Loading...,Unknown,N/A,N/A,Loading...,32.192379,-110.947004,junio 2025,Mayor de 6 meses,Vigilancia aérea (aeronaves)_Mayor de 6 meses
INC-025,Parada de vehículos,Loading...,Loading...,Bravo Park Lane, 19/6/25,,Loading...,Attempted Abduction(s) — Unknown Outcome,Loading...,5-6,3,VE-88-312 (Sonora plate),,32.176787,-110.951541,junio 2025,Mayor de 6 meses,Parada de vehículos_Mayor de 6 meses
INC-026,Vigilancia aérea (aeronaves),Loading...,Loading...,"Limberlost, Nat'l City Northwest, etc", 24/6/25,6:40 PM,Loading...,Abduction(s) Occurred,Loading...,Unknown,N/A,N/A,Loading...,32.286447,-110.978092,junio 2025,Mayor de 6 meses,Vigilancia aérea (aeronaves)_Mayor de 6 meses
INC-027,Vigilancia aérea (aeronaves),Loading...,Loading...,Barrio Nopal, 24/6/25,6:40 PM,Loading...,Abduction(s) Occurred,Loading...,Unknown,N/A,N/A,Loading...,32.124993,-110.967782,junio 2025,Mayor de 6 meses,Vigilancia aérea (aeronaves)_Mayor de 6 meses
INC-028,Vigilancia aérea (aeronaves),Loading...,Loading...,"Doolen-Fruitvale, Nat'l City Northwest, Rose, etc", 24/6/25,8:24 PM,Loading...,Abduction(s) Occurred,Loading...,Unknown,N/A,N/A,Loading...,32.255894,-110.921175,junio 2025,Mayor de 6 meses,Vigilancia aérea (aeronaves)_Mayor de 6 meses
INC-029,Parada de vehículos,Loading...,Loading...,Doolen-Fruitvale, 24/6/25,8:24 PM,Loading...,Abduction(s) Occurred,Loading...,Many,6+,CWL6344; CRJ1058; JHA1BLA; KGA2BMA; CX55461,Loading...,32.255881,-110.922588,junio 2025,Mayor de 6 meses,Parada de vehículos_Mayor de 6 meses
INC-030,Vigilancia/Reconocimiento,Loading...,Loading...,Santa Rita Park, 9/7/25,6:30 AM,Loading...,No,Loading...,5-6+,5-6+,CWD1009; CWL3051,,32.205731,-110.973092,julio 2025,Mayor de 6 meses,Vigilancia/Reconocimiento_Mayor de 6 meses
INC-031,Vigilancia/Reconocimiento,Loading...,Loading...,Barrio Viejo, 9/7/25,7:30 AM,Loading...,No,Loading...,5-6+,5-6+,CWD1009; CWL3051,,32.211992,-110.975618,julio 2025,Mayor de 6 meses,Vigilancia/Reconocimiento_Mayor de 6 meses
INC-032,Parada de vehículos,Loading...,Loading...,Barrio Santa Rosa, 14/7/25,4:38 PM,Loading...,Attempted Abduction(s) — Unknown Outcome,Loading...,2+,1+,,,32.207014,-110.971542,julio 2025,Mayor de 6 meses,Parada de vehículos_Mayor de 6 meses
INC-033,Vigilancia/Reconocimiento,Loading...,Loading...,Ranchwood Community, 17/7/25,12:50 PM,Loading...,Attempted Abduction(s) — Unknown Outcome,Loading...,3,2,CWN3813; CMG8700,,32.148866,-110.917811,julio 2025,Mayor de 6 meses,Vigilancia/Reconocimiento_Mayor de 6 meses
INC-034,Vigilancia/Reconocimiento,Loading...,Loading...,Campus Farm, 25/7/25,4:12 PM,Loading...,Attempted Abduction(s) — Unknown Outcome,Loading...,2+,3+,CL33001; CPH4705; 4FA1CSA,,32.274827,-110.956686,julio 2025,Mayor de 6 meses,Vigilancia/Reconocimiento_Mayor de 6 meses
INC-035,Vigilancia/Reconocimiento,Loading...,Loading...,Campus Farm, 28/7/25,4:08 PM,Loading...,Attempted Abduction(s) — Unknown Outcome,Loading...,1+,1+,4FA1CSA,,32.272121,-110.954842,julio 2025,Mayor de 6 meses,Vigilancia/Reconocimiento_Mayor de 6 meses
INC-036,Vigilancia aérea (aeronaves),Loading...,Loading...,"Mountain 1st Avenue, Keeling, etc", 28/7/25,6:45 PM,Loading...,Unknown or Not Applicable,Loading...,Unknown,N/A,N/A,,32.254041,-110.960529,julio 2025,Mayor de 6 meses,Vigilancia aérea (aeronaves)_Mayor de 6 meses
INC-037,Vigilancia/Reconocimiento,Loading...,Loading...,Campus Farm, 29/7/25,11:43 AM,Loading...,Attempted Abduction(s) — Unknown Outcome,Loading...,8+,8+,CTN4392; CWW1277; CPH4705; CM59939; CM60201; CWS9674; BND7459,,32.275734,-110.956674,julio 2025,Mayor de 6 meses,Vigilancia/Reconocimiento_Mayor de 6 meses
INC-038,Parada de vehículos,Loading...,Loading...,Park Place Mall, 6/8/25,,Loading...,Abduction(s) Occurred,Loading...,5-6,4,CWN3915; CTN4388; CWD1071; CWW1873,,32.218344,-110.859031,agosto 2025,Mayor de 6 meses,Parada de vehículos_Mayor de 6 meses
INC-039,Vigilancia/Reconocimiento,Loading...,Loading...,Roger Park, 10/8/25,,Loading...,Unknown or Not Applicable,Loading...,2+,2,7RA 65F; CMV2055,,32.282056,-110.979415,agosto 2025,Mayor de 6 meses,Vigilancia/Reconocimiento_Mayor de 6 meses
INC-040,Parada de vehículos,Loading...,Loading...,Mountain 1st Avenue, 22/8/25,6:00 AM,Loading...,Abduction(s) Occurred,Loading...,5,3,CWW1146; CL77972; CM60348,,32.257506,-110.956549,agosto 2025,Mayor de 6 meses,Parada de vehículos_Mayor de 6 meses
INC-041,Desconocida / otra,Loading...,Loading...,Rose, 25/8/25,,Loading...,Unknown or Not Applicable,Loading...,5-6+,5-6,CWW1473; BNV1839,,32.174587,-110.977574,agosto 2025,Mayor de 6 meses,Desconocida / otra_Mayor de 6 meses
INC-042,Redada,Loading...,Loading...,Vista del Monte, 2/9/25,2:40 PM,Loading...,Abduction(s) Occurred,Loading...,2+,1,BNV1839,,32.250572,-110.897013,septiembre 2025,Mayor de 6 meses,Redada_Mayor de 6 meses
INC-043,Desconocida / otra,Loading...,Loading...,Garden City, 2/9/25,3:50 PM,Loading...,Abduction(s) Occurred,Loading...,2+,1,BNV1839,,32.152024,-111.018026,septiembre 2025,Mayor de 6 meses,Desconocida / otra_Mayor de 6 meses
INC-044,Vigilancia/Reconocimiento,Loading...,Loading...,National City Northwest, 11/9/25,7:50 AM,Loading...,Attempted Abduction(s) — Unknown Outcome,Loading...,1+,1,CWP3089,,32.172235,-110.969667,septiembre 2025,Mayor de 6 meses,Vigilancia/Reconocimiento_Mayor de 6 meses
INC-045,Parada de vehículos,Loading...,Loading...,Wakefield, 6/10/25,12:19 PM,Loading...,Attempted Abduction(s) — Unknown Outcome,Loading...,Unknown,N/A,N/A,,32.179335,-110.977558,octubre 2025,Hace 91–180 días,Parada de vehículos_Hace 91–180 días
INC-046,Parada de vehículos,Loading...,Loading...,Cherry Avenue, 14/10/25,,Loading...,No,Loading...,7+,7,CWP3313; CWW1181; CWS9856,,32.163143,-110.954076,octubre 2025,Hace 91–180 días,Parada de vehículos_Hace 91–180 días
INC-047,Vigilancia/Reconocimiento,Loading...,Loading...,Flowing Wells, 15/10/25,8:47 AM,Loading...,Attempted Abduction(s) — Unknown Outcome,Loading...,Unknown,1,CWP3313,,32.261207,-110.995036,octubre 2025,Hace 91–180 días,Vigilancia/Reconocimiento_Hace 91–180 días
INC-048,Parada de vehículos,Loading...,Loading...,Sunset Villa, 16/10/25,8:05 PM,Loading...,Unknown or Not Applicable,Loading...,Unknown,5+,,,32.179733,-110.982325,octubre 2025,Hace 91–180 días,Parada de vehículos_Hace 91–180 días
INC-049,Vigilancia/Reconocimiento,Loading...,Loading...,Roger Park, 17/10/25,1:21 PM,Loading...,Attempted Abduction(s) — Unknown Outcome,Loading...,3+,3,,,32.279253,-110.978159,octubre 2025,Hace 91–180 días,Vigilancia/Reconocimiento_Hace 91–180 días
INC-050,Redada,Loading...,Loading...,Barrio Hollywood, 21/10/25,6:52 AM,Loading...,Abduction(s) Occurred,Loading...,,11+,CM59643; CM56881; NZA9KW; CWL6422; CWW1023; CAA18V; CWS9750; S7A 0W2; CTN4394; CWP3428,,32.232598,-110.999534,octubre 2025,Hace 91–180 días,Redada_Hace 91–180 días
INC-051,Vigilancia aérea (aeronaves),Loading...,Loading...,Barrio Hollywood, 21/10/25,6:52 AM,Loading...,Abduction(s) Occurred,Loading...,Unknown,N/A,N/A,Loading...,32.232150,-111.001881,octubre 2025,Hace 91–180 días,Vigilancia aérea (aeronaves)_Hace 91–180 días
INC-052,Parada de vehículos,Loading...,Loading...,Flowing Wells, 21/10/25,4:10 PM,Loading...,Attempted Abduction(s) — Unknown Outcome,Loading...,2+,5-6,,,32.289101,-111.025450,octubre 2025,Hace 91–180 días,Parada de vehículos_Hace 91–180 días
INC-053,Redada,Loading...,Loading...,Copper Vista, 22/10/25,2:18 PM,Loading...,Abduction(s) Occurred,Loading...,7+,7,CWW1505; CWP3372; CWP3274; CWS9940; Unknown (CWG4407?); Unknown (CWW1164?),,32.141324,-110.952070,octubre 2025,Hace 91–180 días,Redada_Hace 91–180 días
INC-054,Parada de vehículos,Loading...,Loading...,Speedway and Silverbell, 22/10/25,5:05 PM,Loading...,Abduction(s) Occurred,Loading...,5+,3,CWS9945; CWS9933; CWW1548,,32.235178,-111.007531,octubre 2025,Hace 91–180 días,Parada de vehículos_Hace 91–180 días
INC-055,Parada de vehículos,Loading...,Loading...,Casitas del Sol, 22/10/25,7:18 PM,Loading...,Abduction(s) Occurred,Loading...,2+,1+,,,32.159370,-111.007128,octubre 2025,Hace 91–180 días,Parada de vehículos_Hace 91–180 días
INC-056,Desconocida / otra,Loading...,Loading...,Barrio Santa Rosa, 23/10/25,12:10 PM,Loading...,Unknown or Not Applicable,Loading...,Unknown,1,,,32.206784,-110.974643,octubre 2025,Hace 91–180 días,Desconocida / otra_Hace 91–180 días
INC-057,Parada de vehículos,Loading...,Loading...,Speedway and Silverbell, 23/10/25,,Loading...,Attempted Abduction(s) — Unknown Outcome,Loading...,Unknown,1+,,,32.235193,-111.007750,octubre 2025,Hace 91–180 días,Parada de vehículos_Hace 91–180 días
INC-058,Vigilancia aérea (aeronaves),Loading...,Loading...,Casas Adobes, 23/10/25,1:20 PM,Loading...,Unknown or Not Applicable,Loading...,Unknown,N/A,N/A,Loading...,32.337556,-111.046928,octubre 2025,Hace 91–180 días,Vigilancia aérea (aeronaves)_Hace 91–180 días
INC-059,Vigilancia aérea (aeronaves),Loading...,Loading...,"San Ignacio Yaqui, Bronx Park, Barrio Blue Moon, etc", 23/10/25,1:30 PM,Loading...,Unknown or Not Applicable,Loading...,Unknown,N/A,N/A,,32.250210,-110.978071,octubre 2025,Hace 91–180 días,Vigilancia aérea (aeronaves)_Hace 91–180 días
INC-060,Vigilancia/Reconocimiento,Loading...,Loading...,South Park (Tucson Marketplace), 23/10/25,1:48 PM,Loading...,Attempted Abduction(s) — Unknown Outcome,Loading...,Unknown,3,,,32.186560,-110.954221,octubre 2025,Hace 91–180 días,Vigilancia/Reconocimiento_Hace 91–180 días
INC-061,Vigilancia aérea (aeronaves),Loading...,Loading...,"Coronado Heights, Keeling, Amphi, etc", 23/10/25,1:49 PM,Loading...,Unknown or Not Applicable,Loading...,Unknown,N/A,N/A,,32.261222,-110.974197,octubre 2025,Hace 91–180 días,Vigilancia aérea (aeronaves)_Hace 91–180 días
INC-062,Vigilancia aérea (aeronaves),Loading...,Loading...,"South Park, South Tucson, Santa Rita Park, etc", 23/10/25,2:25 PM,Loading...,Unknown or Not Applicable,Loading...,Unknown,N/A,N/A,,32.201714,-110.952163,octubre 2025,Hace 91–180 días,Vigilancia aérea (aeronaves)_Hace 91–180 días
INC-063,Desconocida / otra,Loading...,Loading...,University of Arizona, 23/10/25,3:18 PM,Loading...,Unknown or Not Applicable,Loading...,1+,1,14A 3SH,,32.233800,-110.956442,octubre 2025,Hace 91–180 días,Desconocida / otra_Hace 91–180 días
INC-064,Vigilancia aérea (aeronaves),Loading...,Loading...,"Sugar Hill, Jefferson Park, Ocotillo Oracle, etc", 23/10/25,5:14 PM,Loading...,Unknown or Not Applicable,Loading...,Unknown,N/A,N/A,,32.250345,-110.961070,octubre 2025,Hace 91–180 días,Vigilancia aérea (aeronaves)_Hace 91–180 días
INC-065,Parada de vehículos,Loading...,Loading...,Santa Cruz Southwest, 23/10/25,6:40 PM,Loading...,Attempted Abduction(s) — Unknown Outcome,Loading...,,N/A,N/A,,32.177764,-111.003825,octubre 2025,Hace 91–180 días,Parada de vehículos_Hace 91–180 días
INC-066,Parada de vehículos,Loading...,Loading...,Marana (near Vanderbilt), 26/10/25,5:10 PM,Loading...,Abduction(s) Occurred,Loading...,,N/A,N/A,,32.443728,-111.190084,octubre 2025,Hace 91–180 días,Parada de vehículos_Hace 91–180 días
INC-067,Vigilancia aérea (aeronaves),Loading...,Loading...,Chattman's, 28/10/25,6:06 AM,Loading...,Attempted Abduction(s) — Unknown Outcome,Loading...,Unknown,N/A,N/A,,32.202690,-110.963665,octubre 2025,Hace 91–180 días,Vigilancia aérea (aeronaves)_Hace 91–180 días
INC-068,Redada,Loading...,Loading...,Chattman's, 28/10/25,7:23 AM,Loading...,Attempted Abduction(s) — Unknown Outcome,Loading...,15+,16,,,32.202671,-110.963860,octubre 2025,Hace 91–180 días,Redada_Hace 91–180 días
INC-069,Parada de vehículos,Loading...,Loading...,Airport Commerce Center, 28/10/25,,Loading...,Abduction(s) Occurred,Loading...,3+,N/A,N/A,,32.147382,-110.934627,octubre 2025,Hace 91–180 días,Parada de vehículos_Hace 91–180 días
INC-070,Reuniones/Preparación,Loading...,Loading...,Flowing Wells, 28/10/25,11:38 AM,Loading...,Attempted Abduction(s) — Unknown Outcome,Loading...,7-10+,7-10,,,32.271799,-110.994674,octubre 2025,Hace 91–180 días,Reuniones/Preparación_Hace 91–180 días
INC-071,Parada de vehículos,Loading...,Loading...,"Westside Development, Santa Cruz Southwest", 31/10/25,6:24 AM,Loading...,Abduction(s) Occurred,Loading...,Unknown,,,,32.177948,-111.011628,octubre 2025,Hace 91–180 días,Parada de vehículos_Hace 91–180 días
INC-072,Reuniones/Preparación,Loading...,Loading...,Sunnyslope, 3/11/25,9:42 AM,Loading...,Unknown or Not Applicable,Loading...,7-8,5-6,NDA 7CB; AZY8747; DXD-T83 (CO),,32.365351,-110.969637,noviembre 2025,Hace 91–180 días,Reuniones/Preparación_Hace 91–180 días
INC-073,Vigilancia aérea (aeronaves),Loading...,Loading...,"South Tucson, Wakefield, etc", 5/11/25,11:57 AM,Loading...,Unknown or Not Applicable,Loading...,Unknown,N/A,N/A,,32.192438,-110.966873,noviembre 2025,Hace 91–180 días,Vigilancia aérea (aeronaves)_Hace 91–180 días
INC-074,Parada de vehículos,Loading...,Loading...,Downtown, 5/11/25,7:00 AM,Loading...,Abduction(s) Occurred,Loading...,Unknown,1+,,,32.221312,-110.979302,noviembre 2025,Hace 91–180 días,Parada de vehículos_Hace 91–180 días
INC-075,Vigilancia aérea (aeronaves),Loading...,Loading...,"Kino Gateway, Cherry Avenue, etc", 5/11/25,1:52 PM,Loading...,Unknown or Not Applicable,Loading...,Unknown,N/A,N/A,,32.163273,-110.941319,noviembre 2025,Hace 91–180 días,Vigilancia aérea (aeronaves)_Hace 91–180 días
INC-076,Parada de vehículos,Loading...,Loading...,Bentley Parke MHC, 8/11/25,10:57 AM,Loading...,Abduction(s) Occurred,Loading...,4+,1+,,,32.152438,-110.924202,noviembre 2025,Hace 91–180 días,Parada de vehículos_Hace 91–180 días
INC-077,Redada,Loading...,Loading...,"Adelanto, Barrio Blue Moon", 19/11/25,12:52 PM,Loading...,Abduction(s) Occurred,Loading...,,,,,32.244877,-110.982214,noviembre 2025,Hace 91–180 días,Redada_Hace 91–180 días
INC-078,Parada de vehículos,Loading...,Loading...,Alvernon Corners Industrial Center, 22/11/25,6:51 PM,Loading...,Attempted Abduction(s) — Unknown Outcome,Loading...,3+,N/A,N/A,,32.175545,-110.910711,noviembre 2025,Hace 91–180 días,Parada de vehículos_Hace 91–180 días
INC-079,Vigilancia aérea (aeronaves),Loading...,Loading...,"Tierra Vista, Intl. Business Center, etc", 4/12/25,10:19 PM,Loading...,Unknown or Not Applicable,Loading...,Unknown,N/A,N/A,,32.142296,-110.917731,diciembre 2025,Hace 91–180 días,Vigilancia aérea (aeronaves)_Hace 91–180 días
INC-080,Vigilancia aérea (aeronaves),Loading...,Loading...,"Summit, Southlands West, etc", 4/12/25,12:31 PM,Loading...,Unknown or Not Applicable,Loading...,Unknown,N/A,N/A,,32.067281,-110.932623,diciembre 2025,Hace 91–180 días,Vigilancia aérea (aeronaves)_Hace 91–180 días
INC-081,Vigilancia aérea (aeronaves),Loading...,Loading...,"South Park, South Tucson, etc", 4/12/25,4:23 PM,Loading...,Unknown or Not Applicable,Loading...,Unknown,N/A,N/A,,32.192386,-110.948318,diciembre 2025,Hace 91–180 días,Vigilancia aérea (aeronaves)_Hace 91–180 días
INC-082,Vigilancia aérea (aeronaves),Loading...,Loading...,Barrio Hollywood, 5/12/25,5:44 AM,Loading...,Abduction(s) Occurred,Loading...,Unknown,N/A,N/A,,32.231325,-110.989753,diciembre 2025,Hace 91–180 días,Vigilancia aérea (aeronaves)_Hace 91–180 días
INC-083,Redada,Loading...,Loading...,Barrio Hollywood, 5/12/25,6:00 AM,Loading...,Abduction(s) Occurred,Loading...,Many,4+,CRJ1108; CWS9875; CWW1987; CRJ1108,,32.231486,-110.987896,diciembre 2025,Hace 91–180 días,Redada_Hace 91–180 días
INC-084,Redada,Loading...,Loading...,Barrio Hollywood, 5/12/25,6:00 AM,Loading...,Abduction(s) Occurred,Loading...,Many,19+,CRJ1108; CWS9875; CWW1987; CWD1071; APJ7734; CTN4202; CWG4600; CWW1987; BBS5086; CRJ1108; CRJ1181; BNV1839; CWW1059; APJ7608; CM57937; CL04089; BND7337; CWG4467,,32.230809,-110.989704,diciembre 2025,Hace 91–180 días,Redada_Hace 91–180 días
INC-085,Redada,Loading...,Loading...,Mission Terrace, 5/12/25,6:00 AM,Loading...,Abduction(s) Occurred,Loading...,Many,Unknown,,,32.133811,-111.025691,diciembre 2025,Hace 91–180 días,Redada_Hace 91–180 días
INC-086,Redada,Loading...,Loading...,Casas Adobes, 5/12/25,6:00 AM,Loading...,Abduction(s) Occurred,Loading...,Many,3+,NLA3YT; M1423; CRJ1024,,32.357822,-111.045636,diciembre 2025,Hace 91–180 días,Redada_Hace 91–180 días
INC-087,Desconocida / otra,Loading...,Loading...,Barrio Hollywood, 5/12/25,11:15 AM,Loading...,Abduction(s) Occurred,Loading...,Many,26+,CRJ1108; CWS9875; CWW1987; CWD1071; APJ7734; CTN4202; CWG4600; CWW1987; BBS5086; CRJ1108; CRJ1181; BNV1839; CWW1059; APJ7608; CM57937; CL04089; BND7337; CMG8828; G-283EB; CH-67261; T8A 33F; DJA9BFA; YCA 7PJ; CM59515; CWG4467,,32.230489,-110.989674,diciembre 2025,Hace 91–180 días,Desconocida / otra_Hace 91–180 días
INC-088,Vigilancia aérea (aeronaves),Loading...,Loading...,"Drexel Heights, Mountainside Village, etc", 9/12/25,11:13 AM,Loading...,Unknown or Not Applicable,Loading...,Unknown,N/A,N/A,,32.137513,-111.037288,diciembre 2025,Hace 91–180 días,Vigilancia aérea (aeronaves)_Hace 91–180 días
INC-089,Vigilancia aérea (aeronaves),Loading...,Loading...,"South Tucson, Rose, etc", 9/12/25,11:47 AM,Loading...,Unknown or Not Applicable,Loading...,Unknown,N/A,N/A,,32.183747,-110.968301,diciembre 2025,Hace 91–180 días,Vigilancia aérea (aeronaves)_Hace 91–180 días
INC-090,Redada,Loading...,Loading...,Miracle Manor, 10/12/25,,Loading...,Abduction(s) Occurred,Loading...,30+,21+,,,32.261087,-110.992145,diciembre 2025,Hace 91–180 días,Redada_Hace 91–180 días
INC-091,Vigilancia aérea (aeronaves),Loading...,Loading...,"South Park, South Tucson, Fairgrounds, etc", 12/12/25,11:37 AM,Loading...,Unknown or Not Applicable,Loading...,1 at least,N/A,N/A,,32.187104,-110.956146,diciembre 2025,Hace 91–180 días,Vigilancia aérea (aeronaves)_Hace 91–180 días
INC-092,Vigilancia/Reconocimiento,Loading...,Loading...,South Park (Tucson Marketplace), 12/12/25,2:50 PM,Loading...,Attempted Abduction(s) — Unknown Outcome,Loading...,1-3+,2,CWP3274; CMG7834,,32.186083,-110.951456,diciembre 2025,Hace 91–180 días,Vigilancia/Reconocimiento_Hace 91–180 días
INC-093,Parada de vehículos,Loading...,Loading...,Drexel Park, 15/12/25,8:30 AM,Loading...,Abduction(s) Occurred,Loading...,10+ (reported),2+,,,32.148597,-110.956130,diciembre 2025,Hace 91–180 días,Parada de vehículos_Hace 91–180 días
INC-094,Parada de vehículos,Loading...,Loading...,"Blenman-Elm Historic District, North University, University of Arizona, Sam Hughes", 16/12/25,,Loading...,Unknown or Not Applicable,Loading...,1+,1,CWN3729,,32.236066,-110.943982,diciembre 2025,Hace 91–180 días,Parada de vehículos_Hace 91–180 días
INC-095,Parada de vehículos,Loading...,Loading...,Las Vistas, 16/12/25,11:54 AM,Loading...,Abduction(s) Occurred,Loading...,2+,2+,,,32.190965,-110.926627,diciembre 2025,Hace 91–180 días,Parada de vehículos_Hace 91–180 días
INC-096,Parada de vehículos,Loading...,Loading...,"Sunnyside, Southland Park", 19/12/25,,Loading...,Abduction(s) Occurred,Loading...,2,1,CWS9801,,32.141316,-110.961616,diciembre 2025,Hace 91–180 días,Parada de vehículos_Hace 91–180 días
INC-097,Parada de vehículos,Loading...,Loading...,Flowing Wells, 29/12/25,11:46 AM,Loading...,Abduction(s) Occurred,Loading...,4 (reported),2,,,32.268226,-110.987119,diciembre 2025,Hace 91–180 días,Parada de vehículos_Hace 91–180 días
INC-098,Parada de vehículos,Loading...,Loading...,South Park, 31/12/25,9:29 AM,Loading...,Abduction(s) Occurred,Loading...,2+,1,,,32.199671,-110.955845,diciembre 2025,Hace 91–180 días,Parada de vehículos_Hace 91–180 días
INC-099,Vigilancia/Reconocimiento,Loading...,Loading...,Wakefield, 2/1/26,,Loading...,Attempted Abduction(s) — Unknown Outcome,Loading...,2+,1+,,,32.186020,-110.969725,enero 2026,Hace 91–180 días,Vigilancia/Reconocimiento_Hace 91–180 días
INC-100,Parada de vehículos,Loading...,Loading...,Toumey Park, 6/1/26,5:33 PM,Loading...,Abduction(s) Occurred,Loading...,4+,3-4,FPA 4G0; CWG8109; OSB2 4762 (TX),,32.206984,-110.892276,enero 2026,Hace 61-90 días,Parada de vehículos_Hace 61-90 días
INC-101,Parada de vehículos,Loading...,Loading...,Bravo Park Lane, 7/1/26,11:57 AM,Loading...,Attempted Abduction(s) — Unknown Outcome,Loading...,2+,2,,,32.163162,-110.953069,enero 2026,Hace 61-90 días,Parada de vehículos_Hace 61-90 días
INC-102,Reuniones/Preparación,Loading...,Loading...,Sunnyside, 8/1/26,3:26 PM,Loading...,Unknown or Not Applicable,Loading...,Many,21+,CWL6600; CWP3187; CK71052; CWL6552; CM59743; CWG4444; CM59938; CM57209; CWN3745; 8PA 5DE; CM59998; CM59590; CWL6576; WEA 19E; CM57052; ENA 3NR,,32.147355,-110.990639,enero 2026,Hace 61-90 días,Reuniones/Preparación_Hace 61-90 días
INC-103,Vigilancia/Reconocimiento,Loading...,Loading...,Drexel Park, 9/1/26,1:47 PM,Loading...,No,Loading...,,1+,,,32.155996,-110.960439,enero 2026,Hace 61-90 días,Vigilancia/Reconocimiento_Hace 61-90 días
INC-104,Parada de vehículos,Loading...,Loading...,Wakefield, 11/1/26,8:16 AM,Loading...,Abduction(s) Occurred,Loading...,4+,2,CTN4125,,32.186112,-110.969634,enero 2026,Hace 61-90 días,Parada de vehículos_Hace 61-90 días
INC-105,Parada de vehículos,Loading...,Loading...,Amphi, 12/1/26,11:32 AM,Loading...,Abduction(s) Occurred,Loading...,2+,1,,,32.272503,-110.977807,enero 2026,Hace 61-90 días,Parada de vehículos_Hace 61-90 días
INC-106,Vigilancia/Reconocimiento,Loading...,Loading...,Drexel Park, 12/1/26,11:40 AM,Loading...,No,Loading...,4+,4+,CWW1873; CWN3804; CPH4705; CWD1071,,32.156205,-110.960552,enero 2026,Hace 61-90 días,Vigilancia/Reconocimiento_Hace 61-90 días
INC-107,Vigilancia/Reconocimiento,Loading...,Loading...,Los Ranchitos, 12/1/26,12:25 PM,Loading...,Attempted Abduction(s) — Unknown Outcome,Loading...,Unknown,N/A,N/A,,32.141280,-110.943455,enero 2026,Hace 61-90 días,Vigilancia/Reconocimiento_Hace 61-90 días
INC-108,Vigilancia/Reconocimiento,Loading...,Loading...,Cherry Avenue, 12/1/26,3:37 PM,Loading...,No,,2+,4,CM59515; CWL6184; CML8455; CM59586,,32.162017,-110.941821,enero 2026,Hace 61-90 días,Vigilancia/Reconocimiento_Hace 61-90 días
INC-109,Vigilancia aérea (aeronaves),Loading...,Loading...,"Barrio Santa Cruz, Sunset Villa, etc", 13/1/26,10:58 AM,Loading...,Unknown or Not Applicable,Loading...,Unknown,N/A,N/A,,32.199529,-110.985296,enero 2026,Hace 61-90 días,Vigilancia aérea (aeronaves)_Hace 61-90 días
INC-110,Vigilancia aérea (aeronaves),Loading...,Loading...,"Rillito Park, Tucson Mall, Limberlost, etc", 13/1/26,11:14 AM,Loading...,Unknown or Not Applicable,Loading...,Unknown,N/A,N/A,,32.286472,-110.977532,enero 2026,Hace 61-90 días,Vigilancia aérea (aeronaves)_Hace 61-90 días
INC-111,Parada de vehículos,Loading...,Loading...,Flowing Wells, 13/1/26,,Loading...,Attempted Abduction(s) — Unknown Outcome,Loading...,2+,N/A,N/A,,32.283333,-111.019972,enero 2026,Hace 61-90 días,Parada de vehículos_Hace 61-90 días
INC-112,Parada de vehículos,Loading...,Loading...,"West University, Feldman's", 14/1/26,7:55 AM,Loading...,Abduction(s) Occurred,Loading...,1+ (reported),N/A,N/A,,32.235936,-110.962611,enero 2026,Hace 61-90 días,Parada de vehículos_Hace 61-90 días
INC-113,Parada de vehículos,Loading...,Loading...,Keeling, 14/1/26,7:57 AM,Loading...,Abduction(s) Occurred,Loading...,6,3,CWW1873; CWS9929; CWD1071,,32.250425,-110.964387,enero 2026,Hace 61-90 días,Parada de vehículos_Hace 61-90 días
INC-114,Vigilancia/Reconocimiento,Loading...,Loading...,"Linden Terrace, El Cortez", 14/1/26,9:28 AM,Loading...,No,Loading...,5+,5 (reported),CWP3465; CTN4417; VUW-954-C (Sonora plate),,32.245672,-110.961042,enero 2026,Hace 61-90 días,Vigilancia/Reconocimiento_Hace 61-90 días
INC-115,Parada de vehículos,Loading...,Loading...,Cimarron Foothills Estates, 14/1/26,12:29 PM,Loading...,Attempted Abduction(s) — Unknown Outcome,Loading...,2,1,CWW1505,,32.308671,-110.874956,enero 2026,Hace 61-90 días,Parada de vehículos_Hace 61-90 días
INC-116,Vigilancia aérea (aeronaves),Loading...,Loading...,"Prince Tucson, Richland Heights East, etc", 15/1/26,8:16 AM,Loading...,Unknown or Not Applicable,Loading...,Unknown,N/A,N/A,,32.277677,-110.935318,enero 2026,Hace 61-90 días,Vigilancia aérea (aeronaves)_Hace 61-90 días
INC-117,Vigilancia aérea (aeronaves),Loading...,Loading...,"Tres Pueblos, Cherry Avenue, etc", 15/1/26,9:24 AM,Loading...,Unknown or Not Applicable,Loading...,Unknown,N/A,N/A,,32.144674,-110.939535,enero 2026,Hace 61-90 días,Vigilancia aérea (aeronaves)_Hace 61-90 días
INC-118,Vigilancia/Reconocimiento,Loading...,Loading...,Drexel Park, 15/1/26,9:55 AM,Loading...,Abduction(s) Occurred,Loading...,2-3+ (more later),2-3,,,32.156603,-110.961404,enero 2026,Hace 61-90 días,Vigilancia/Reconocimiento_Hace 61-90 días
INC-119,Redada,Loading...,Loading...,Tres Pueblos, 15/1/26,11:08 AM,Loading...,Abduction(s) Occurred,Loading...,Many,13+,TDA 11B; CWW1227; CWL6307; CG-72974; 3GA 7JB; CND5573; CPH4950; T71 9MH; CWW1460; BNV1684; BND7129; CM58082,,32.145285,-110.942377,enero 2026,Hace 61-90 días,Redada_Hace 61-90 días
INC-120,Vigilancia aérea (aeronaves),Loading...,Loading...,"Keeling, Amphi, etc", 16/1/26,7:51 AM,Loading...,Unknown or Not Applicable,Loading...,Unknown,N/A,N/A,,32.258852,-110.966581,enero 2026,Hace 61-90 días,Vigilancia aérea (aeronaves)_Hace 61-90 días
INC-121,Parada de vehículos,Loading...,Loading...,Amphi, 16/1/26,11:45 AM,Loading...,Abduction(s) Occurred,Loading...,7+,2+,,,32.272615,-110.977867,enero 2026,Hace 61-90 días,Parada de vehículos_Hace 61-90 días
INC-122,Reuniones/Preparación,Loading...,Loading...,Shaheen Estates, 16/1/26,3:10 PM,Loading...,Attempted Abduction(s) — Unknown Outcome,Loading...,9+,9+,CWN3804; 9SKK335; CWS9921; CWW1739; CWW1460,,32.258538,-110.941941,enero 2026,Hace 61-90 días,Reuniones/Preparación_Hace 61-90 días
INC-123,Parada de vehículos,Loading...,Loading...,South Park (Tucson Marketplace), 18/1/26,8:37 AM,Loading...,Attempted Abduction(s) — Unknown Outcome,Loading...,6+,3,,,32.181632,-110.947227,enero 2026,Hace 61-90 días,Parada de vehículos_Hace 61-90 días
INC-124,Parada de vehículos,Loading...,Loading...,Veteran's Hospital, 18/1/26,9:39 AM,Loading...,Abduction(s) Occurred,Loading...,5,2,CTN4078; CTN4125,,32.186280,-110.970167,enero 2026,Hace 61-90 días,Parada de vehículos_Hace 61-90 días
INC-125,Parada de vehículos,Loading...,Loading...,Wakefield, 18/1/26,12:59 PM,Loading...,No,Loading...,5+,4,CWD1071; CTN4078; CTN4125; BWX6104,,32.186019,-110.970292,enero 2026,Hace 61-90 días,Parada de vehículos_Hace 61-90 días
INC-126,Vigilancia/Reconocimiento,Loading...,Loading...,Dietz, 19/1/26,8:56 AM,Loading...,No,Loading...,1+,4+,,,32.206309,-110.836685,enero 2026,Hace 61-90 días,Vigilancia/Reconocimiento_Hace 61-90 días
INC-127,Parada de vehículos,Loading...,Loading...,Carriage Park, 19/1/26,9:21 AM,Loading...,Abduction(s) Occurred,Loading...,2+,2,,,32.222427,-110.823514,enero 2026,Hace 61-90 días,Parada de vehículos_Hace 61-90 días
INC-128,Vigilancia/Reconocimiento,Loading...,Loading...,Circle Mobile Home Park, 19/1/26,,Loading...,Attempted Abduction(s) — Unknown Outcome,Loading...,Unknown,1+,,,32.260320,-110.991035,enero 2026,Hace 61-90 días,Vigilancia/Reconocimiento_Hace 61-90 días
INC-129,Vigilancia/Reconocimiento,Loading...,Loading...,Circle Mobile Home Park, 20/1/26,,Loading...,Attempted Abduction(s) — Unknown Outcome,Loading...,Unknown,1+,,,32.260984,-110.990470,enero 2026,Hace 61-90 días,Vigilancia/Reconocimiento_Hace 61-90 días
INC-130,Vigilancia/Reconocimiento,Loading...,Loading...,Downtown, 20/1/26,5:56 PM,Loading...,Unknown or Not Applicable,Loading...,1,1+,CWS9750,,32.221984,-110.970206,enero 2026,Hace 61-90 días,Vigilancia/Reconocimiento_Hace 61-90 días
INC-131,Vigilancia/Reconocimiento,Loading...,Loading...,Saguaro Vista Shopping Center, 21/1/26,,Loading...,No,Loading...,2,1,,,32.235349,-110.825078,enero 2026,Hace 61-90 días,Vigilancia/Reconocimiento_Hace 61-90 días
INC-132,Vigilancia/Reconocimiento,Loading...,Loading...,Circle Mobile Home Park, 21/1/26,3:05 PM,Loading...,Attempted Abduction(s) — Unknown Outcome,Loading...,Unknown,1+,,,32.260220,-110.990764,enero 2026,Hace 61-90 días,Vigilancia/Reconocimiento_Hace 61-90 días
INC-133,Vigilancia/Reconocimiento,Loading...,Loading...,El Con Mall, 22/1/26,10:00 AM,Loading...,Attempted Abduction(s) — Unknown Outcome,Loading...,5+,2,,,32.224758,-110.914416,enero 2026,Hace 61-90 días,Vigilancia/Reconocimiento_Hace 61-90 días
INC-134,Desconocida / otra,Loading...,Loading...,Los Ranchitos, 22/1/26,11:23 AM,Loading...,Unknown or Not Applicable,Loading...,10+,6+,8PA 5DE; CWC9762,,32.136934,-110.942195,enero 2026,Hace 61-90 días,Desconocida / otra_Hace 61-90 días
INC-135,Parada de vehículos,Loading...,Loading...,Kino Gateway, 23/1/26,6:40 AM,Loading...,No,Loading...,5,2+,,,32.163698,-110.937308,enero 2026,Hace 61-90 días,Parada de vehículos_Hace 61-90 días
INC-136,Parada de vehículos,Loading...,Loading...,Naylor, 23/1/26,9:22 AM,Loading...,Attempted Abduction(s) — Unknown Outcome,Loading...,4+,2+,CBC9452,,32.206542,-110.892482,enero 2026,Hace 61-90 días,Parada de vehículos_Hace 61-90 días
INC-137,Parada de vehículos,Loading...,Loading...,"Stella Mann, Carson Corner", 23/1/26,10:40 AM,Loading...,Attempted Abduction(s) — Unknown Outcome,Loading...,Unknown,N/A,N/A,,32.184705,-110.840892,enero 2026,Hace 61-90 días,Parada de vehículos_Hace 61-90 días
INC-138,Parada de vehículos,Loading...,Loading...,La Plaza Shoppes, 23/1/26,10:45 AM,Loading...,Abduction(s) Occurred,Loading...,2+,2+,CTN4078; CTN4125,,32.245722,-110.852850,enero 2026,Hace 61-90 días,Parada de vehículos_Hace 61-90 días
INC-139,Parada de vehículos,Loading...,Loading...,"Barrio Santa Rosa, Santa Rita Park", 23/1/26,10:58 AM,Loading...,Abduction(s) Occurred,Loading...,4,3-4,CTN4078; CTN4125; CBC9452; CWW1453,,32.206853,-110.973718,enero 2026,Hace 61-90 días,Parada de vehículos_Hace 61-90 días
INC-140,Parada de vehículos,Loading...,Loading...,Amphi, 23/1/26,11:01 AM,Loading...,Abduction(s) Occurred,Loading...,4-5,3+,CWH4432; CWP3086,,32.265469,-110.975668,enero 2026,Hace 61-90 días,Parada de vehículos_Hace 61-90 días
INC-141,Parada de vehículos,Loading...,Loading...,Stella Mann, 23/1/26,12:04 PM,Loading...,Abduction(s) Occurred,Loading...,3+,1+,CTN4125,,32.188036,-110.841160,enero 2026,Hace 61-90 días,Parada de vehículos_Hace 61-90 días
INC-142,Parada de vehículos,Loading...,Loading...,Southland Park, 25/1/26,11:17 AM,Loading...,Attempted Abduction(s) — Unknown Outcome,Loading...,Unknown,1,,,32.134100,-110.956270,enero 2026,Hace 61-90 días,Parada de vehículos_Hace 61-90 días
INC-143,Parada de vehículos,Loading...,Loading...,Dietz, 26/1/26,11:57 AM,Loading...,Attempted Abduction(s) — Unknown Outcome,Loading...,Unknown,5,"Five reported, likely including CTN4078 and CTN4125 (but unconfirmed).",,32.193060,-110.840336,enero 2026,Hace 61-90 días,Parada de vehículos_Hace 61-90 días
INC-144,Vigilancia/Reconocimiento,Loading...,Loading...,Barrio Viejo, 27/1/26,1:45 PM,Loading...,Unknown or Not Applicable,Loading...,Unknown,1+,,,32.215813,-110.974328,enero 2026,Hace 61-90 días,Vigilancia/Reconocimiento_Hace 61-90 días
INC-145,Vigilancia/Reconocimiento,Loading...,Loading...,Dietz, 27/1/26,1:45 PM,Loading...,Attempted Abduction(s) — Unknown Outcome,Loading...,Unknown,N/A,N/A,,32.205109,-110.836814,enero 2026,Hace 61-90 días,Vigilancia/Reconocimiento_Hace 61-90 días
INC-146,Vigilancia aérea (aeronaves),Loading...,Loading...,"South Harrison, Eastside, etc", 28/1/26,8:47 AM,Loading...,Unknown or Not Applicable,Loading...,Unknown,N/A,N/A,,32.191762,-110.789724,enero 2026,Hace 61-90 días,Vigilancia aérea (aeronaves)_Hace 61-90 días
INC-147,Parada de vehículos,Loading...,Loading...,Barrio Hollywood, 28/1/26,12:00 PM,Loading...,Abduction(s) Occurred,Loading...,2,2,CWL6344; CWP3456,,32.234793,-110.986304,enero 2026,Hace 61-90 días,Parada de vehículos_Hace 61-90 días
INC-148,Vigilancia aérea (aeronaves),Loading...,Loading...,"Bravo Park Lane, Kino Gateway, etc", 28/1/26,1:28 PM,Loading...,Unknown or Not Applicable,Loading...,Unknown,N/A,N/A,,32.168804,-110.943271,enero 2026,Hace 61-90 días,Vigilancia aérea (aeronaves)_Hace 61-90 días
INC-149,Vigilancia aérea (aeronaves),Loading...,Loading...,"Old Fort Lowell, Creekside, etc", 28/1/26,2:59 PM,Loading...,Unknown or Not Applicable,Loading...,Unknown,N/A,N/A,,32.265336,-110.892421,enero 2026,Hace 61-90 días,Vigilancia aérea (aeronaves)_Hace 61-90 días
INC-150,Vigilancia/Reconocimiento,Loading...,Loading...,Los Ranchitos, 28/1/26,5:35 PM,Loading...,Unknown or Not Applicable,Loading...,1+,1+,,,32.141084,-110.946793,enero 2026,Hace 61-90 días,Vigilancia/Reconocimiento_Hace 61-90 días
INC-151,Parada de vehículos,Loading...,Loading...,Los Ranchitos, 29/1/26,8:38 AM,Loading...,Abduction(s) Occurred,Loading...,Unknown,1+,,,32.139416,-110.943465,enero 2026,Hace 61-90 días,Parada de vehículos_Hace 61-90 días
INC-152,Parada de vehículos,Loading...,Loading...,Nat'l City Southwest, 29/1/26,11:14 AM,Loading...,Abduction(s) Occurred,Loading...,4+,3,CTN4125; CTN4078,,32.163049,-110.977793,enero 2026,Hace 61-90 días,Parada de vehículos_Hace 61-90 días
INC-153,Vigilancia/Reconocimiento,Loading...,,Feldman's, 29/1/26,11:58 AM,Loading...,Unknown or Not Applicable,Loading...,1+,1,,,32.239535,-110.964155,enero 2026,Hace 61-90 días,Vigilancia/Reconocimiento_Hace 61-90 días
INC-154,Parada de vehículos,Loading...,Loading...,Midvale Park, 29/1/26,12:36 PM,Loading...,Abduction(s) Occurred,Loading...,Unknown,1+,,,32.161286,-110.987897,enero 2026,Hace 61-90 días,Parada de vehículos_Hace 61-90 días
INC-155,Vigilancia/Reconocimiento,Loading...,Loading...,Wakefield, 29/1/26,12:52 PM,Loading...,Attempted Abduction(s) — Unknown Outcome,Loading...,Unknown,2 (at least),,,32.186016,-110.969654,enero 2026,Hace 61-90 días,Vigilancia/Reconocimiento_Hace 61-90 días
INC-156,Vigilancia/Reconocimiento,Loading...,Loading...,Barrio Viejo, 29/1/26,1:33 PM,Loading...,Unknown or Not Applicable,Loading...,Unknown,1+,,,32.214562,-110.978343,enero 2026,Hace 61-90 días,Vigilancia/Reconocimiento_Hace 61-90 días
INC-157,Parada de vehículos,Loading...,Loading...,Wakefield, 29/1/26,2:23 PM,Loading...,Abduction(s) Occurred,Loading...,3,2,CTN4125; CTN4078,,32.186186,-110.969632,enero 2026,Hace 61-90 días,Parada de vehículos_Hace 61-90 días
INC-158,Vigilancia aérea (aeronaves),Loading...,Loading...,"Downtown, University of Arizona, etc", 29/1/26,2:24 PM,Loading...,Unknown or Not Applicable,Loading...,Unknown,N/A,N/A,,32.221318,-110.959441,enero 2026,Hace 61-90 días,Vigilancia aérea (aeronaves)_Hace 61-90 días
INC-159,Desconocida / otra,Loading...,Loading...,El Con Mall, 29/1/26,3:04 PM,Loading...,Attempted Abduction(s) — Unknown Outcome,Loading...,3+,N/A,N/A,,32.224091,-110.913091,enero 2026,Hace 61-90 días,Desconocida / otra_Hace 61-90 días
INC-160,Vigilancia aérea (aeronaves),Loading...,Loading...,"Downtown, University of Arizona, etc", 29/1/26,4:26 PM,Loading...,Unknown or Not Applicable,Loading...,Unknown,N/A,N/A,,32.221954,-110.969818,enero 2026,Hace 61-90 días,Vigilancia aérea (aeronaves)_Hace 61-90 días
INC-161,Vigilancia aérea (aeronaves),Loading...,Loading...,"Prince Village, Richland Heights West and East, etc", 30/1/26,5:19 PM,Loading...,Unknown or Not Applicable,Loading...,Unknown,N/A,N/A,,32.272214,-110.943827,enero 2026,Hace 61-90 días,Vigilancia aérea (aeronaves)_Hace 61-90 días
INC-162,Parada de vehículos,Loading...,Loading...,Barrio Hollywood, 30/1/26,8:30 AM,Loading...,No,Loading...,Multiple,4-5,,,32.235193,-111.003243,enero 2026,Hace 61-90 días,Parada de vehículos_Hace 61-90 días
INC-163,Parada de vehículos,Loading...,Loading...,South Park (Tucson Marketplace), 30/1/26,9:19 AM,Loading...,Abduction(s) Occurred,Loading...,3+,N/A,N/A,,32.186141,-110.952033,enero 2026,Hace 61-90 días,Parada de vehículos_Hace 61-90 días
INC-164,Vigilancia/Reconocimiento,Loading...,Loading...,Menlo Park, 30/1/26,11:30 AM,Loading...,Unknown or Not Applicable,Loading...,Unknown,1+,,,32.219574,-110.983953,enero 2026,Hace 61-90 días,Vigilancia/Reconocimiento_Hace 61-90 días
INC-165,Vigilancia/Reconocimiento,Loading...,Loading...,Downtown, 30/1/26,5:36 PM,Loading...,Unknown or Not Applicable,Loading...,1,1,CWL6571,,32.223501,-110.977462,enero 2026,Hace 61-90 días,Vigilancia/Reconocimiento_Hace 61-90 días
INC-166,Parada de vehículos,Loading...,Loading...,Wakefield, 31/1/26,7:59 AM,Loading...,Abduction(s) Occurred,Loading...,3-4,2,,,32.186421,-110.970611,enero 2026,Hace 61-90 días,Parada de vehículos_Hace 61-90 días
INC-167,Parada de vehículos,Loading...,Loading...,South Tucson, 31/1/26,9:35 AM,Loading...,Abduction(s) Occurred,Loading...,3,2,,,32.199183,-110.967864,enero 2026,Hace 61-90 días,Parada de vehículos_Hace 61-90 días
INC-168,Parada de vehículos,Loading...,Loading...,"Eastland Heights, Barrio San Antonio", 31/1/26,11:14 AM,Loading...,Abduction(s) Occurred,Loading...,4,2,,,32.216395,-110.945090,enero 2026,Hace 61-90 días,Parada de vehículos_Hace 61-90 días
INC-169,Vigilancia/Reconocimiento,Loading...,Loading...,Wakefield, 31/1/26,12:29 PM,Loading...,No,Loading...,5+,2,,,32.186269,-110.970347,enero 2026,Hace 61-90 días,Vigilancia/Reconocimiento_Hace 61-90 días
INC-170,Vigilancia/Reconocimiento,Loading...,Loading...,Wakefield, 1/2/26,6:52 AM,Loading...,Attempted Abduction(s) — Unknown Outcome,Loading...,Unknown,1+,,,32.186122,-110.969915,febrero 2026,Hace 61-90 días,Vigilancia/Reconocimiento_Hace 61-90 días
INC-171,Parada de vehículos,Loading...,Loading...,Sunnyside, 1/2/26,9:53 AM,Loading...,Attempted Abduction(s) — Unknown Outcome,Loading...,Unknown,2,CTN4125; CTN4078,,32.148662,-110.977548,febrero 2026,Hace 61-90 días,Parada de vehículos_Hace 61-90 días
INC-172,Vigilancia/Reconocimiento,Loading...,Loading...,Wakefield, 2/2/26,11:32 AM,Loading...,Unknown or Not Applicable,Loading...,3+,3+,CM60201; CWW1871; CM58082,,32.185138,-110.976078,febrero 2026,Hace 61-90 días,Vigilancia/Reconocimiento_Hace 61-90 días
INC-173,Vigilancia aérea (aeronaves),Loading...,Loading...,"Terra Del Sol, Dietz, Palo Verde Park, etc", 4/2/26,8:29 AM,Loading...,Unknown or Not Applicable,Loading...,Unknown,N/A,N/A,,32.206705,-110.841056,febrero 2026,Hace 61-90 días,Vigilancia aérea (aeronaves)_Hace 61-90 días
INC-174,Redada,Loading...,Loading...,Wakefield, 4/2/26,12:03 PM,Loading...,Attempted Abduction(s) — Unknown Outcome,Loading...,13+,13+,CWW1462; CWS9674; CPH4957; BNV2083; CWW1328; CWW1243; CM58082; CWW1739;,,32.186125,-110.974933,febrero 2026,Hace 61-90 días,Redada_Hace 61-90 días
INC-175,Vigilancia/Reconocimiento,Loading...,Loading...,Wakefield, 4/2/26,2:02 PM,Loading...,Attempted Abduction(s) — Unknown Outcome,Loading...,Multiple,2,,,32.186682,-110.972199,febrero 2026,Hace 61-90 días,Vigilancia/Reconocimiento_Hace 61-90 días
INC-176,Vigilancia/Reconocimiento,Loading...,Loading...,Wakefield, 4/2/26,9:04 PM,Loading...,Attempted Abduction(s) — Unknown Outcome,Loading...,Unknown,1+,,,32.185878,-110.969685,febrero 2026,Hace 61-90 días,Vigilancia/Reconocimiento_Hace 61-90 días
INC-177,Parada de vehículos,Loading...,Loading...,"Irvington, Riverfront Plaza, Casitas Del Sol", 5/2/26,7:20 AM,Loading...,Abduction(s) Occurred,Loading...,3+,,,,32.163194,-110.991504,febrero 2026,Hace 31-60 días,Parada de vehículos_Hace 31-60 días
INC-178,Vigilancia/Reconocimiento,Loading...,Loading...,Millville, 5/2/26,9:40 AM,Loading...,Attempted Abduction(s) — Unknown Outcome,Loading...,1,1,,,32.209484,-110.956216,febrero 2026,Hace 31-60 días,Vigilancia/Reconocimiento_Hace 31-60 días
INC-179,Vigilancia aérea (aeronaves),Loading...,Loading...,"Creekside, Old Fort Lowell, etc", 5/2/26,8:06 AM,Loading...,Unknown or Not Applicable,Loading...,Unknown,N/A,N/A,,32.277832,-110.892574,febrero 2026,Hace 31-60 días,Vigilancia aérea (aeronaves)_Hace 31-60 días
INC-180,Vigilancia/Reconocimiento,Loading...,Loading...,Drexel Heights, 5/2/26,1:48 PM,Loading...,Unknown or Not Applicable,Loading...,4+,4+,,,32.133325,-111.036933,febrero 2026,Hace 31-60 días,Vigilancia/Reconocimiento_Hace 31-60 días
INC-181,Vigilancia/Reconocimiento,Loading...,Loading...,Gilbert, 5/2/26,3:50 PM,Loading...,Unknown or Not Applicable,Loading...,Unknown,2+,,,32.141497,-110.945075,febrero 2026,Hace 31-60 días,Vigilancia/Reconocimiento_Hace 31-60 días
INC-182,Parada de vehículos,Loading...,Loading...,Cherry Avenue, 5/2/26,5:10 PM,Loading...,Attempted Abduction(s) — Unknown Outcome,Loading...,4+,3-5,,,32.155931,-110.943177,febrero 2026,Hace 31-60 días,Parada de vehículos_Hace 31-60 días
INC-183,Redada,Loading...,Loading...,"Northern Hills Estates, Casas Adobes", 5/2/26,6:47 PM,Loading...,Unknown or Not Applicable,Loading...,2+,N/A,N/A,,32.311432,-110.983942,febrero 2026,Hace 31-60 días,Redada_Hace 31-60 días
INC-184,Vigilancia/Reconocimiento,Loading...,Loading...,St. Philip's Plaza, 5/2/26,9:23 PM,Loading...,Unknown or Not Applicable,Loading...,Unknown,2+,,,32.285794,-110.943090,febrero 2026,Hace 31-60 días,Vigilancia/Reconocimiento_Hace 31-60 días
INC-185,Vigilancia/Reconocimiento,Loading...,Loading...,Dietz, 6/2/26,7:18 AM,Loading...,No,Loading...,2+,2 at least,CTN4078,,32.204731,-110.838488,febrero 2026,Hace 31-60 días,Vigilancia/Reconocimiento_Hace 31-60 días
INC-186,Parada de vehículos,Loading...,Loading...,Flowing Wells, 6/2/26,9:45 AM,Loading...,Abduction(s) Occurred,Loading...,4+,2 at least,CTN4125; CTN4078,,32.271767,-110.994194,febrero 2026,Hace 31-60 días,Parada de vehículos_Hace 31-60 días
INC-187,Vigilancia/Reconocimiento,Loading...,Loading...,Flowing Wells, 6/2/26,10:10 AM,Loading...,No,Loading...,2+,1 at least,CTN4078,,32.278066,-110.995592,febrero 2026,Hace 31-60 días,Vigilancia/Reconocimiento_Hace 31-60 días
INC-188,Parada de vehículos,Loading...,Loading...,Flowing Wells, 6/2/26,10:28 AM,Loading...,No,Loading...,2+,1 at least,CTN4078,,32.267799,-110.995129,febrero 2026,Hace 31-60 días,Parada de vehículos_Hace 31-60 días
INC-189,Vigilancia aérea (aeronaves),Loading...,Loading...,"Campus Farm, Limberlost, Amphi, etc", 6/2/26,2:32 PM,Loading...,Unknown or Not Applicable,Loading...,Unknown,N/A,N/A,,32.279363,-110.961121,febrero 2026,Hace 31-60 días,Vigilancia aérea (aeronaves)_Hace 31-60 días
INC-190,Parada de vehículos,Loading...,Loading...,Summit, 7/2/26,7:44 AM,Loading...,No,Loading...,2+,2 at least,,,32.064386,-110.956939,febrero 2026,Hace 31-60 días,Parada de vehículos_Hace 31-60 días
INC-191,Vigilancia/Reconocimiento,Loading...,Loading...,Duffy, 10/2/26,2:09 PM,Loading...,Unknown or Not Applicable,Loading...,6,3,,,32.230273,-110.877194,febrero 2026,Hace 31-60 días,Vigilancia/Reconocimiento_Hace 31-60 días
INC-192,Vigilancia aérea (aeronaves),Loading...,Loading...,"Casas Adobes, Marana, etc", 11/2/26,2:23 AM,Loading...,Unknown or Not Applicable,Loading...,Unknown,N/A,N/A,,32.344846,-111.070684,febrero 2026,Hace 31-60 días,Vigilancia aérea (aeronaves)_Hace 31-60 días
INC-193,Vigilancia aérea (aeronaves),Loading...,Loading...,"Las Vistas, Western Hills, South Park, etc", 11/2/26,2:58 PM,Loading...,Unknown or Not Applicable,Loading...,Unknown,N/A,N/A,,32.190217,-110.930624,febrero 2026,Hace 31-60 días,Vigilancia aérea (aeronaves)_Hace 31-60 días
INC-194,Vigilancia aérea (aeronaves),Loading...,Loading...,"Barrio Nopal, Elvira, Sunnyside, etc", 11/2/26,3:32 PM,Loading...,Unknown or Not Applicable,Loading...,Unknown,N/A,N/A,,32.131933,-110.971252,febrero 2026,Hace 31-60 días,Vigilancia aérea (aeronaves)_Hace 31-60 días
INC-195,Vigilancia aérea (aeronaves),Loading...,Loading...,"Flowing Wells, Miracle Manor, etc", 12/2/26,1:03 PM,Loading...,Unknown or Not Applicable,Loading...,Unknown,N/A,N/A,,32.264770,-110.988969,febrero 2026,Hace 31-60 días,Vigilancia aérea (aeronaves)_Hace 31-60 días
INC-196,Parada de vehículos,Loading...,Loading...,Wakefield, 13/2/26,4:56 PM,Loading...,Abduction(s) Occurred,Loading...,Unknown,Unknown,N/A,,32.186045,-110.969736,febrero 2026,Hace 31-60 días,Parada de vehículos_Hace 31-60 días
INC-197,Parada de vehículos,Loading...,Loading...,Los Ranchitos, 16/2/26,7:48 AM,Loading...,Abduction(s) Occurred,Loading...,2+,2-3,,,32.141314,-110.956208,febrero 2026,Hace 31-60 días,Parada de vehículos_Hace 31-60 días
INC-198,Desconocida / otra,Loading...,Loading...,Downtown, 17/2/26,9:00 AM,Loading...,Unknown or Not Applicable,Loading...,1+,1,BNV1839,,32.220567,-110.972444,febrero 2026,Hace 31-60 días,Desconocida / otra_Hace 31-60 días
INC-199,Vigilancia aérea (aeronaves),Loading...,Loading...,"Bravo Park Lane, Fairgrounds, etc", 17/2/26,3:06 PM,Loading...,Unknown or Not Applicable,Loading...,Unknown,N/A,N/A,,32.167653,-110.951926,febrero 2026,Hace 31-60 días,Vigilancia aérea (aeronaves)_Hace 31-60 días
INC-200,Parada de vehículos,Loading...,Loading...,South Tucson, 17/2/26,6:41 PM,Loading...,Attempted Abduction(s) — Unknown Outcome,Loading...,5+,2,,,32.192619,-110.977571,febrero 2026,Hace 31-60 días,Parada de vehículos_Hace 31-60 días
INC-201,Vigilancia/Reconocimiento,Loading...,Loading...,Roger Park, 18/2/26,11:21 AM,Loading...,No,Loading...,2+,2+,CWL6437; CWW1873,,32.279231,-110.978249,febrero 2026,Hace 31-60 días,Vigilancia/Reconocimiento_Hace 31-60 días
INC-202,Vigilancia/Reconocimiento,Loading...,Loading...,Limberlost, 18/2/26,12:03 PM,Loading...,No,Loading...,2+,2+,CWL6437; CWW1873,,32.280184,-110.977279,febrero 2026,Hace 31-60 días,Vigilancia/Reconocimiento_Hace 31-60 días
INC-203,Vigilancia aérea (aeronaves),Loading...,Loading...,South Tucson, 18/2/26,11:33 AM,Loading...,Unknown or Not Applicable,Loading...,Unknown,N/A,N/A,,32.196579,-110.963809,febrero 2026,Hace 31-60 días,Vigilancia aérea (aeronaves)_Hace 31-60 días
INC-204,Vigilancia/Reconocimiento,Loading...,Loading...,Roger Park, 19/2/26,8:36 AM,Loading...,No,Loading...,6+,5+,CWW1873; CPH4983; CTN4388; CWD1071; CTN4078,,32.279486,-110.978109,febrero 2026,Hace 31-60 días,Vigilancia/Reconocimiento_Hace 31-60 días
INC-205,Parada de vehículos,Loading...,Loading...,Midvale Park, 19/2/26,2:23 PM,Loading...,Abduction(s) Occurred,Loading...,2+,2-3,,,32.152544,-110.990396,febrero 2026,Hace 31-60 días,Parada de vehículos_Hace 31-60 días
INC-206,Parada de vehículos,Loading...,Loading...,Irvington & I-19 Commerce, 19/2/26,4:07 PM,Loading...,Attempted Abduction(s) — Unknown Outcome,Loading...,3-4+,1+,,,32.165638,-110.987937,febrero 2026,Hace 31-60 días,Parada de vehículos_Hace 31-60 días
INC-207,Parada de vehículos,Loading...,Loading...,Keeling, 20/2/26,8:33 AM,Loading...,Abduction(s) Occurred,Loading...,3+,1,CBC9381,,32.258511,-110.963406,febrero 2026,Hace 31-60 días,Parada de vehículos_Hace 31-60 días
INC-208,Vigilancia/Reconocimiento,Loading...,Loading...,Barrio Nopal, 20/2/26,5:20 PM,Loading...,Attempted Abduction(s) — Unknown Outcome,Loading...,2+,1,CWS9671,,32.133638,-110.967785,febrero 2026,Hace 31-60 días,Vigilancia/Reconocimiento_Hace 31-60 días
INC-209,Vigilancia aérea (aeronaves),Loading...,Loading...,San Xavier Indian Reservation, 25/2/26,5:08 PM,Loading...,Unknown or Not Applicable,Loading...,Unknown,N/A,N/A,,32.106166,-111.005115,febrero 2026,Hace 31-60 días,Vigilancia aérea (aeronaves)_Hace 31-60 días
INC-210,Parada de vehículos,Loading...,Loading...,Sunnyside, 26/2/26,1:57 PM,Loading...,Attempted Abduction(s) — Unknown Outcome,Loading...,4+,1+,,,32.137172,-110.967895,febrero 2026,Hace 31-60 días,Parada de vehículos_Hace 31-60 días
INC-211,Vigilancia aérea (aeronaves),Loading...,Loading...,"Campus Farm, Amphi, Mountain View, etc", 26/2/26,2:01 PM,Loading...,Unknown or Not Applicable,Loading...,Unknown,N/A,N/A,,32.275737,-110.958369,febrero 2026,Hace 31-60 días,Vigilancia aérea (aeronaves)_Hace 31-60 días
INC-212,Desconocida / otra,Loading...,Loading...,Roberts, 1/3/26,6:03 PM,Loading...,Unknown or Not Applicable,Loading...,3-5,1-3,R5A7D1A,,32.190341,-110.908913,marzo 2026,Hace 31-60 días,Desconocida / otra_Hace 31-60 días
INC-213,Vigilancia/Reconocimiento,Loading...,Loading...,Flowing Wells, 3/3/26,7:30 AM,Loading...,Attempted Abduction(s) — Unknown Outcome,Loading...,1+,1,BGX4457,,32.298253,-111.012002,marzo 2026,Hace 31-60 días,Vigilancia/Reconocimiento_Hace 31-60 días
INC-214,Vigilancia aérea (aeronaves),Loading...,Loading...,"Drexel Park, Cherry Avenue, etc", 3/3/26,1:20 PM,Loading...,Unknown or Not Applicable,Loading...,Unknown,N/A,N/A,,32.156013,-110.961944,marzo 2026,Hace 31-60 días,Vigilancia aérea (aeronaves)_Hace 31-60 días
INC-215,Vigilancia/Reconocimiento,Loading...,Loading...,Oracle Villa Estates, 3/3/26,4:35 PM,Loading...,Abduction(s) Occurred,Loading...,3+,3+,CWW1146,,32.322751,-110.971691,marzo 2026,Hace 31-60 días,Vigilancia/Reconocimiento_Hace 31-60 días
INC-216,Vigilancia/Reconocimiento,Loading...,Loading...,Flowing Wells, 4/3/26,7:28 AM,Loading...,No,Loading...,2-5+,2-5,BGX4457; CTN4078,,32.297565,-111.011989,marzo 2026,Hace 31-60 días,Vigilancia/Reconocimiento_Hace 31-60 días
INC-217,Parada de vehículos,Loading...,Loading...,Casas Adobes, 4/3/26,,Loading...,Abduction(s) Occurred,Loading...,4+,4+,CWW1146,,32.319339,-110.976051,marzo 2026,Hace 31-60 días,Parada de vehículos_Hace 31-60 días
INC-218,Vigilancia aérea (aeronaves),Loading...,Loading...,"San Xavier Indian Reservation, Barrio Nopal, etc", 4/3/26,1:29 PM,Loading...,Attempted Abduction(s) — Unknown Outcome,Loading...,Unknown,N/A,N/A,,32.119548,-110.960816,marzo 2026,Hace 31-60 días,Vigilancia aérea (aeronaves)_Hace 31-60 días
INC-219,Parada de vehículos,Loading...,Loading...,Millville, 4/3/26,6:27 PM,Loading...,No,Loading...,5+,5+,CWD1083; RGA 4LO; CWL5684; CWH4495,,32.207496,-110.949141,marzo 2026,Hace 31-60 días,Parada de vehículos_Hace 31-60 días
INC-220,Parada de vehículos,Loading...,Loading...,Palo Verde, 5/3/26,9:58 AM,Loading...,Abduction(s) Occurred,Loading...,4,3,,,32.251339,-110.909179,marzo 2026,Hace 31-60 días,Parada de vehículos_Hace 31-60 días
INC-221,Desconocida / otra,Loading...,Loading...,Plaza del Sol, 5/3/26,5:20 PM,Loading...,Attempted Abduction(s) — Unknown Outcome,Loading...,3+,3+,,,32.174531,-110.996212,marzo 2026,Hace 31-60 días,Desconocida / otra_Hace 31-60 días
INC-222,Vigilancia/Reconocimiento,Loading...,Loading...,Oracle Villa Estates, 6/3/26,9:52 AM,Loading...,Attempted Abduction(s) — Unknown Outcome,Loading...,1+,1,CWW1714,,32.322736,-110.972435,marzo 2026,Hace 31-60 días,Vigilancia/Reconocimiento_Hace 31-60 días
INC-223,Vigilancia/Reconocimiento,Loading...,Loading...,Santa Rita Park, 6/3/26,4:09 PM,Loading...,Unknown or Not Applicable,Loading...,3+,2,CPP8313,,32.205568,-110.973144,marzo 2026,Hace 31-60 días,Vigilancia/Reconocimiento_Hace 31-60 días
INC-224,Parada de vehículos,Loading...,Loading...,Las Vistas, 9/3/26,3:00 PM,Loading...,No,Loading...,2,2,,,32.188914,-110.926408,marzo 2026,Hace 15-30 días,Parada de vehículos_Hace 15-30 días
INC-225,Vigilancia/Reconocimiento,Loading...,Loading...,Flowing Wells, 9/3/26,3:05 PM,Loading...,No,Loading...,,2-4,CWW1243; CWW1238,,32.293902,-111.012480,marzo 2026,Hace 15-30 días,Vigilancia/Reconocimiento_Hace 15-30 días
INC-226,Redada,Loading...,Loading...,Las Vistas, 9/3/26,4:48 PM,Loading...,Abduction(s) Occurred,Loading...,16+,7-8+,CL48385; CPH4715; CW30108; CWS9608; UR-6050-A (Sonora plates); CWJ0108,,32.189311,-110.932705,marzo 2026,Hace 15-30 días,Redada_Hace 15-30 días
INC-227,Vigilancia aérea (aeronaves),Loading...,Loading...,"San Xavier Indian Reservation, Midvale Park", 11/3/26,1:58 PM,Loading...,Unknown or Not Applicable,Loading...,Unknown,N/A,N/A,,32.108645,-110.991513,marzo 2026,Hace 15-30 días,Vigilancia aérea (aeronaves)_Hace 15-30 días
INC-228,Parada de vehículos,Loading...,Loading...,Rillito Park, 11/3/26,2:43 PM,Loading...,Unknown or Not Applicable,Loading...,1+,1+,,,32.283103,-110.980012,marzo 2026,Hace 15-30 días,Parada de vehículos_Hace 15-30 días
INC-229,Redada,Loading...,Loading...,Wakefield, 12/3/26,2:20 PM,Loading...,Abduction(s) Occurred,Loading...,6+,2,CL48385; CWD1004,,32.175025,-110.968244,marzo 2026,Hace 15-30 días,Redada_Hace 15-30 días
INC-230,Redada,Loading...,Loading...,Fairgrounds, 12/3/26,4:08 PM,Loading...,Abduction(s) Occurred,Loading...,12+,4+,CL48385,,32.170528,-110.967825,marzo 2026,Hace 15-30 días,Redada_Hace 15-30 días
INC-231,Parada de vehículos,Loading...,Loading...,Southland Park, 12/3/26,4:17 PM,Loading...,Attempted Abduction(s) — Unknown Outcome,Loading...,3+,3,,,32.146535,-110.956245,marzo 2026,Hace 15-30 días,Parada de vehículos_Hace 15-30 días
INC-232,Vigilancia aérea (aeronaves),Loading...,Loading...,South Park (Tucson Marketplace), 12/3/26,4:15 PM,Loading...,Unknown or Not Applicable,Loading...,Unknown,N/A,N/A,,32.186561,-110.954971,marzo 2026,Hace 15-30 días,Vigilancia aérea (aeronaves)_Hace 15-30 días
INC-233,Vigilancia/Reconocimiento,Loading...,Loading...,Summit, 12/3/26,4:29 PM,Loading...,Attempted Abduction(s) — Unknown Outcome,Loading...,3+,1,CWL6437,,32.077335,-110.958846,marzo 2026,Hace 15-30 días,Vigilancia/Reconocimiento_Hace 15-30 días
INC-234,Parada de vehículos,Loading...,Loading...,Sunnyside / Southland Park, 14/3/26,3:53 PM,Loading...,Abduction(s) Occurred,Loading...,Unknown,Unknown,,,32.141286,-110.961559,marzo 2026,Hace 15-30 días,Parada de vehículos_Hace 15-30 días
INC-235,Vigilancia/Reconocimiento,Loading...,Loading...,Nat'l City Northwest, 16/3/26,9:26 AM,Loading...,Unknown or Not Applicable,Loading...,2+,2,,,32.163741,-110.973738,marzo 2026,Hace 15-30 días,Vigilancia/Reconocimiento_Hace 15-30 días
INC-236,Vigilancia aérea (aeronaves),Loading...,Loading...,"Barrio Santa Rosa, Santa Rita Park, etc", 16/3/26,11:06 AM,Loading...,Unknown or Not Applicable,Loading...,Unknown,N/A,N/A,,32.206731,-110.978262,marzo 2026,Hace 15-30 días,Vigilancia aérea (aeronaves)_Hace 15-30 días
INC-237,Vigilancia/Reconocimiento,Loading...,Loading...,Summit, 17/3/26,8:30 AM,Loading...,Attempted Abduction(s) — Unknown Outcome,Loading...,1+,1+,,,32.066781,-110.931246,marzo 2026,Hace 15-30 días,Vigilancia/Reconocimiento_Hace 15-30 días
INC-238,Vigilancia/Reconocimiento,Loading...,Loading...,"Menlo Park, Barrio Hollywood", 22/3/26,10:21 AM,Loading...,Unknown or Not Applicable,Loading...,4+,2-4,CWL6437; CWW1146,,32.228961,-110.989924,marzo 2026,Hace 15-30 días,Vigilancia/Reconocimiento_Hace 15-30 días
INC-239,Vigilancia/Reconocimiento,Loading...,Loading...,Dietz, 22/3/26,1:44 PM,Loading...,Attempted Abduction(s) — Unknown Outcome,Loading...,1,1,,,32.206128,-110.836685,marzo 2026,Hace 15-30 días,Vigilancia/Reconocimiento_Hace 15-30 días
INC-240,Parada de vehículos,Loading...,Loading...,El Rio Plaza, 23/3/26,9:20 AM,Loading...,Abduction(s) Occurred,Loading...,Unknown,1+,N/A,,32.238078,-111.004104,marzo 2026,Hace 8-14 días,Parada de vehículos_Hace 8-14 días
INC-241,Vigilancia/Reconocimiento,Loading...,Loading...,Drexel-Alvernon, 23/3/26,12:25 PM,Loading...,Attempted Abduction(s) — Unknown Outcome,Loading...,2+,2,,,32.135019,-110.892983,marzo 2026,Hace 8-14 días,Vigilancia/Reconocimiento_Hace 8-14 días
INC-242,Parada de vehículos,Loading...,Loading...,Flowing Wells, 24/3/26,7:45 AM,Loading...,Abduction(s) Occurred,Loading...,4-5,5,CBC9381; CWW1146,,32.293914,-111.028831,marzo 2026,Hace 8-14 días,Parada de vehículos_Hace 8-14 días
INC-243,Parada de vehículos,Loading...,Loading...,South Tucson, 24/3/26,1:38 PM,Loading...,Abduction(s) Occurred,Loading...,10,4-5,CWD1071,,32.192433,-110.968439,marzo 2026,Hace 8-14 días,Parada de vehículos_Hace 8-14 días
INC-244,Parada de vehículos,Loading...,Loading...,Industrial Park Site, 24/3/26,3:45 PM,Loading...,Attempted Abduction(s) — Unknown Outcome,Loading...,3+,2,,,32.173288,-110.926268,marzo 2026,Hace 8-14 días,Parada de vehículos_Hace 8-14 días
INC-245,Desconocida / otra,Loading...,Loading...,Los Ranchitos, 24/3/26,6:19 PM,Loading...,Unknown or Not Applicable,Loading...,3+,3,CWP3313; CKS5497,,32.139536,-110.946624,marzo 2026,Hace 8-14 días,Desconocida / otra_Hace 8-14 días
INC-246,Desconocida / otra,Loading...,Loading...,Gilbert, 24/3/26,6:50 PM,Loading...,Unknown or Not Applicable,Loading...,3+,2,CWP3313; CKS5497,,32.141482,-110.946307,marzo 2026,Hace 8-14 días,Desconocida / otra_Hace 8-14 días
INC-247,Vigilancia aérea (aeronaves),Loading...,Loading...,Marana, 25/3/26,2:09 PM,Loading...,Unknown or Not Applicable,Loading...,Unknown,N/A,N/A,,32.452206,-111.283689,marzo 2026,Hace 8-14 días,Vigilancia aérea (aeronaves)_Hace 8-14 días
INC-248,Vigilancia aérea (aeronaves),Loading...,Loading...,"Amphi, Downtown, West University, etc", 25/3/26,2:57 PM,Loading...,Unknown or Not Applicable,Loading...,Unknown,N/A,N/A,,32.250343,-110.971834,marzo 2026,Hace 8-14 días,Vigilancia aérea (aeronaves)_Hace 8-14 días
INC-249,Vigilancia aérea (aeronaves),Loading...,Loading...,"Dunbar Spring, Barrio Hollywood, Ocotillo Oracle, etc", 25/3/26,3:47 PM,Loading...,Unknown or Not Applicable,Loading...,Unknown,N/A,N/A,,32.245932,-110.978036,marzo 2026,Hace 8-14 días,Vigilancia aérea (aeronaves)_Hace 8-14 días
INC-250,Parada de vehículos,Loading...,Loading...,Flowing Wells, 26/3/26,8:03 AM,Loading...,Attempted Abduction(s) — Unknown Outcome,Loading...,2-3+,1+,CWW1146,,32.272496,-110.995258,marzo 2026,Hace 8-14 días,Parada de vehículos_Hace 8-14 días
INC-251,Redada,Loading...,Loading...,Dietz, 26/3/26,10:36 AM,Loading...,Abduction(s) Occurred,Loading...,Unknown,3-4+,CWS9532; CE-64627,,32.204691,-110.839499,marzo 2026,Hace 8-14 días,Redada_Hace 8-14 días
INC-252,Vigilancia aérea (aeronaves),Loading...,Loading...,"South Tucson, South Park, etc", 26/3/26,3:06 PM,Loading...,Unknown or Not Applicable,Loading...,Unknown,N/A,N/A,,32.195545,-110.961637,marzo 2026,Hace 8-14 días,Vigilancia aérea (aeronaves)_Hace 8-14 días
INC-253,Vigilancia/Reconocimiento,Loading...,Loading...,San Xavier Indian Reservation, 26/3/26,3:15 PM,Loading...,No,Loading...,2+,,,,32.118307,-110.969502,marzo 2026,Hace 8-14 días,Vigilancia/Reconocimiento_Hace 8-14 días
INC-254,Vigilancia/Reconocimiento,Loading...,Loading...,Santa Rita Park, 27/3/26,7:01 AM,Loading...,No,Loading...,Unknown,1,TDL 867,,32.205493,-110.974587,marzo 2026,Hace 8-14 días,Vigilancia/Reconocimiento_Hace 8-14 días
INC-255,Vigilancia aérea (aeronaves),Loading...,Loading...,"Sentinel Peak Park, Menlo Park, Barrio Kroeger Lane", 27/3/26,10:31 PM,Loading...,Unknown or Not Applicable,Loading...,Unknown,N/A,N/A,,32.212605,-110.991915,marzo 2026,Hace 8-14 días,Vigilancia aérea (aeronaves)_Hace 8-14 días
INC-256,Parada de vehículos,Loading...,Loading...,"Naylor, Toumey Park, Myers", 31/3/26,8:02 AM,Loading...,Abduction(s) Occurred,Loading...,Unknown,1+,,,32.206993,-110.892289,marzo 2026,En la última semana,Parada de vehículos_En la última semana
INC-257,Parada de vehículos,Loading...,Loading...,"Veteran's Hospital, Kino Gateway", 31/3/26,11:30 AM,Loading...,Attempted Abduction(s) — Unknown Outcome,Loading...,Unknown,N/A,N/A,,32.177958,-110.947674,marzo 2026,En la última semana,Parada de vehículos_En la última semana
INC-258,Parada de vehículos,Loading...,Loading...,Dunbar Spring, 31/3/26,6:30 PM,Loading...,Abduction(s) Occurred,Loading...,2+,2+,CWS9671; CWL6255,,32.235551,-110.978356,marzo 2026,En la última semana,Parada de vehículos_En la última semana
INC-259,Parada de vehículos,Loading...,Loading...,Hedrick Acres, 1/4/26,11:38 AM,Loading...,Attempted Abduction(s) — Unknown Outcome,Loading...,Unknown,1+,,,32.262966,-110.948136,abril 2026,En la última semana,Parada de vehículos_En la última semana
INC-260,Vigilancia aérea (aeronaves),Loading...,Loading...,"Rincon Heights, University of Arizona, Downtown, etc", 1/4/26,1:17 PM,Loading...,Unknown or Not Applicable,Loading...,Unknown,N/A,N/A,,32.230038,-110.956766,abril 2026,En la última semana,Vigilancia aérea (aeronaves)_En la última semana
INC-261,Vigilancia/Reconocimiento,Loading...,Loading...,San Xavier Indian Reservation, 1/4/26,1:51 PM,Loading...,No,Loading...,5,1-3+,,,32.118265,-110.969584,abril 2026,En la última semana,Vigilancia/Reconocimiento_En la última semana
INC-262,Desconocida / otra,Loading...,Loading...,Rincon Heights, 1/4/26,2:13 PM,Loading...,Unknown or Not Applicable,Loading...,5-6 reported,3,,,32.222555,-110.956319,abril 2026,En la última semana,Desconocida / otra_En la última semana
INC-263,Desconocida / otra,Loading...,Loading...,Miracle Manor, 1/4/26,4:28 PM,Loading...,No,Loading...,15+ (plus 7 TPD officers),15+,CTN4378; CWJ0151; CWJ0186; CWH4444; CWH4435; CWP3291; CWJ0141; CWS5958; CWP3097; CWS9536; CWC9782; CWK0037; CWB7510; CWJ0193; BNV2007,,32.251763,-110.986499,abril 2026,En la última semana,Desconocida / otra_En la última semana
INC-264,Vigilancia/Reconocimiento,Loading...,Loading...,Southland Park, 1/4/26,4:39 PM,Loading...,Unknown or Not Applicable,Loading...,2+,2,,,32.141517,-110.956949,abril 2026,En la última semana,Vigilancia/Reconocimiento_En la última semana
INC-265,Vigilancia aérea (aeronaves),Loading...,Loading...,"Flowing Wells, Casas Adobes, Catalina Foothills, etc", 2/4/26,4:17 PM,Loading...,Unknown or Not Applicable,Loading...,Unknown,N/A,N/A,,32.286748,-110.995053,abril 2026,En la última semana,Vigilancia aérea (aeronaves)_En la última semana
INC-266,Vigilancia aérea (aeronaves),Loading...,Loading...,"Downtown, Armory Park, Barrio Viejo, etc", 2/4/26,4:53 PM,Loading...,Unknown or Not Applicable,Loading...,Unknown,N/A,N/A,,32.216773,-110.974381,abril 2026,En la última semana,Vigilancia aérea (aeronaves)_En la última semana
INC-267,Parada de vehículos,Loading...,Loading...,Arcadia Rose, 3/4/26,8:37 AM,Loading...,No,Loading...,6+,4+,CWW1146,,32.250303,-110.884086,abril 2026,En la última semana,Parada de vehículos_En la última semana